networkDomainId,name,action,protocol,source.ip.address,destination.ip.address,destination.port.begin,enabled,id,datacenterId,ruleType
3fce94ce-7237-494b-abeb-0bb8dbfc37a9,CCDEFAULT.BlockOutboundMailIPv4,DROP,TCP,ANY,ANY,25,true,6ded9064-ffeb-4c8a-8cd9-e9cd95bfaa92,NA9,DEFAULT_RULE
3fce94ce-7237-494b-abeb-0bb8dbfc37a9,CCDEFAULT.BlockOutboundMailIPv4Secure,DROP,TCP,ANY,ANY,587,true,f2423c1d-e76a-42da-ade1-684818e71828,NA9,DEFAULT_RULE
3fce94ce-7237-494b-abeb-0bb8dbfc37a9,CCDEFAULT.BlockOutboundMailIPv6,DROP,TCP,ANY,ANY,25,true,ffb802d7-2d51-40cc-94e6-f71aac5b62d1,NA9,DEFAULT_RULE
3fce94ce-7237-494b-abeb-0bb8dbfc37a9,CCDEFAULT.BlockOutboundMailIPv6Secure,DROP,TCP,ANY,ANY,587,true,f02eb14d-4768-4e81-99e5-9abfcc34d326,NA9,DEFAULT_RULE
3fce94ce-7237-494b-abeb-0bb8dbfc37a9,CCDEFAULT.DenyExternalInboundIPv6,DROP,IP,EXTERNAL_IPV6,ANY,NULL,true,4a70b62b-539f-42c2-ac3d-b5fb8e92d136,NA9,DEFAULT_RULE
396dbe06-02f3-4649-8e6f-66cee0c68138,CCDEFAULT.BlockOutboundMailIPv4,DROP,TCP,ANY,ANY,25,true,c3f9d4d0-5b59-491d-b801-7f132df1e696,NA9,DEFAULT_RULE
396dbe06-02f3-4649-8e6f-66cee0c68138,CCDEFAULT.BlockOutboundMailIPv4Secure,DROP,TCP,ANY,ANY,587,true,2dec7579-db8a-4a47-9669-2804b509a4b8,NA9,DEFAULT_RULE
396dbe06-02f3-4649-8e6f-66cee0c68138,CCDEFAULT.BlockOutboundMailIPv6,DROP,TCP,ANY,ANY,25,true,724b2021-a086-44ad-932e-71430b1c48c3,NA9,DEFAULT_RULE
396dbe06-02f3-4649-8e6f-66cee0c68138,CCDEFAULT.BlockOutboundMailIPv6Secure,DROP,TCP,ANY,ANY,587,true,5d797138-1655-410c-80c3-0e5afb74d724,NA9,DEFAULT_RULE
396dbe06-02f3-4649-8e6f-66cee0c68138,CCDEFAULT.DenyExternalInboundIPv6,DROP,IP,EXTERNAL_IPV6,ANY,NULL,true,04261e2d-ae77-4706-8c68-218ca6519a10,NA9,DEFAULT_RULE
11b87069-4958-4d7b-b0b2-1520f731e01f,CCDEFAULT.BlockOutboundMailIPv4,DROP,TCP,ANY,ANY,25,true,99a46049-9fab-471d-8de1-95e9d4d545c8,NA9,DEFAULT_RULE
11b87069-4958-4d7b-b0b2-1520f731e01f,CCDEFAULT.BlockOutboundMailIPv4Secure,DROP,TCP,ANY,ANY,587,true,da36dbf7-dbab-40f5-93b0-fd85f38ff78f,NA9,DEFAULT_RULE
11b87069-4958-4d7b-b0b2-1520f731e01f,CCDEFAULT.BlockOutboundMailIPv6,DROP,TCP,ANY,ANY,25,true,863f95cc-ee5b-49b1-ad91-05bd9c6201ee,NA9,DEFAULT_RULE
11b87069-4958-4d7b-b0b2-1520f731e01f,CCDEFAULT.BlockOutboundMailIPv6Secure,DROP,TCP,ANY,ANY,587,true,73c3c51d-811a-451d-be7b-abd6938cdff8,NA9,DEFAULT_RULE
11b87069-4958-4d7b-b0b2-1520f731e01f,CCDEFAULT.DenyExternalInboundIPv6,DROP,IP,EXTERNAL_IPV6,ANY,NULL,true,cf8aa60c-71c9-4c59-b0aa-12535dc43379,NA9,DEFAULT_RULE
11b87069-4958-4d7b-b0b2-1520f731e01f,RDP_in,ACCEPT_DECISIVELY,TCP,ANY,ANY,3389,true,bafa2b06-9fd7-45d3-b5be-d34584362468,NA9,CLIENT_RULE
2709df9f-d07e-4627-8042-e4cfa316a963,CCDEFAULT.BlockOutboundMailIPv4,DROP,TCP,ANY,ANY,25,true,c36a0400-a1ec-47ee-9aea-6fbabc0512d4,NA9,DEFAULT_RULE
2709df9f-d07e-4627-8042-e4cfa316a963,CCDEFAULT.BlockOutboundMailIPv4Secure,DROP,TCP,ANY,ANY,587,true,5ab38e68-264a-4887-aef0-edd89c6d1811,NA9,DEFAULT_RULE
2709df9f-d07e-4627-8042-e4cfa316a963,CCDEFAULT.BlockOutboundMailIPv6,DROP,TCP,ANY,ANY,25,true,1953cf75-26fa-4a2c-aac8-8aad1b03684b,NA9,DEFAULT_RULE
2709df9f-d07e-4627-8042-e4cfa316a963,CCDEFAULT.BlockOutboundMailIPv6Secure,DROP,TCP,ANY,ANY,587,true,aab52e6f-874d-4071-bcb3-f25c9da6da67,NA9,DEFAULT_RULE
2709df9f-d07e-4627-8042-e4cfa316a963,CCDEFAULT.DenyExternalInboundIPv6,DROP,IP,EXTERNAL_IPV6,ANY,NULL,true,d913aa39-fe17-4864-85e4-4aa3fb7e68a7,NA9,DEFAULT_RULE
633ff927-e29b-41f2-afa0-c3ad797e05ff,CCDEFAULT.BlockOutboundMailIPv4,DROP,TCP,ANY,ANY,25,true,79f418a3-7e1e-45d1-bb26-f05b3831ab63,NA9,DEFAULT_RULE
633ff927-e29b-41f2-afa0-c3ad797e05ff,CCDEFAULT.BlockOutboundMailIPv4Secure,DROP,TCP,ANY,ANY,587,true,bf2a24a5-0b3c-43e3-9105-50cf9983f37c,NA9,DEFAULT_RULE
633ff927-e29b-41f2-afa0-c3ad797e05ff,CCDEFAULT.BlockOutboundMailIPv6,DROP,TCP,ANY,ANY,25,true,9e676486-2ce0-4028-b6ba-cdff2ea9f451,NA9,DEFAULT_RULE
633ff927-e29b-41f2-afa0-c3ad797e05ff,CCDEFAULT.BlockOutboundMailIPv6Secure,DROP,TCP,ANY,ANY,587,true,efc827d3-b251-45c6-95f0-0ab9dcaa7a90,NA9,DEFAULT_RULE
633ff927-e29b-41f2-afa0-c3ad797e05ff,CCDEFAULT.DenyExternalInboundIPv6,DROP,IP,EXTERNAL_IPV6,ANY,NULL,true,1f588288-d749-4836-b6a5-5bce27fb03a2,NA9,DEFAULT_RULE
2680394d-c641-49ca-a471-2add57a8f395,CCDEFAULT.BlockOutboundMailIPv4,DROP,TCP,ANY,ANY,25,true,92e3da15-5ff1-4cc6-8b04-5edfe1483acc,NA9,DEFAULT_RULE
2680394d-c641-49ca-a471-2add57a8f395,CCDEFAULT.BlockOutboundMailIPv4Secure,DROP,TCP,ANY,ANY,587,true,d9103f7d-79fd-4a2a-bd27-c26f343dbf3a,NA9,DEFAULT_RULE
2680394d-c641-49ca-a471-2add57a8f395,CCDEFAULT.BlockOutboundMailIPv6,DROP,TCP,ANY,ANY,25,true,6d159a7a-65f1-4237-9c48-02b701f948a5,NA9,DEFAULT_RULE
2680394d-c641-49ca-a471-2add57a8f395,CCDEFAULT.BlockOutboundMailIPv6Secure,DROP,TCP,ANY,ANY,587,true,7b6c6da8-c562-4289-a07f-393876b18c57,NA9,DEFAULT_RULE
2680394d-c641-49ca-a471-2add57a8f395,CCDEFAULT.DenyExternalInboundIPv6,DROP,IP,EXTERNAL_IPV6,ANY,NULL,true,d2c7bd53-7c85-4504-aa56-816434df4dbc,NA9,DEFAULT_RULE
7ccd6987-4338-48f4-826e-c43ada2657ca,CCDEFAULT.BlockOutboundMailIPv4,DROP,TCP,ANY,ANY,25,true,cb049318-d519-4bad-9d16-ddfe741bbc50,NA9,DEFAULT_RULE
7ccd6987-4338-48f4-826e-c43ada2657ca,CCDEFAULT.BlockOutboundMailIPv4Secure,DROP,TCP,ANY,ANY,587,true,a91f193d-96dd-4bff-8032-60b8022f9834,NA9,DEFAULT_RULE
7ccd6987-4338-48f4-826e-c43ada2657ca,CCDEFAULT.BlockOutboundMailIPv6,DROP,TCP,ANY,ANY,25,true,bdb7ae94-0d0f-49f0-971d-de765eb66b34,NA9,DEFAULT_RULE
7ccd6987-4338-48f4-826e-c43ada2657ca,CCDEFAULT.BlockOutboundMailIPv6Secure,DROP,TCP,ANY,ANY,587,true,2ee833bc-59e2-4dbe-b795-41e829624134,NA9,DEFAULT_RULE
7ccd6987-4338-48f4-826e-c43ada2657ca,CCDEFAULT.DenyExternalInboundIPv6,DROP,IP,EXTERNAL_IPV6,ANY,NULL,true,a2f090e0-4a4d-4f31-9604-4779a6527f41,NA9,DEFAULT_RULE
7ccd6987-4338-48f4-826e-c43ada2657ca,WebServerAccess,ACCEPT_DECISIVELY,TCP,ANY,10.0.0.11,NULL,true,33d6d87e-7b0e-484d-a2e4-70a3d9125b91,NA9,CLIENT_RULE
7ccd6987-4338-48f4-826e-c43ada2657ca,Rule_1,ACCEPT_DECISIVELY,TCP,1.2.3.4,ANY,NULL,true,d226e174-8eb9-46c1-ab97-49db6bfe65b8,NA9,CLIENT_RULE
7ccd6987-4338-48f4-826e-c43ada2657ca,AppServerAccess,ACCEPT_DECISIVELY,TCP,10.0.0.11,10.0.1.11,NULL,true,4c98a960-d57b-441f-a90f-3e25e58dc474,NA9,CLIENT_RULE
e3b5c08a-a74e-41c2-b6a8-186cbaa86299,CCDEFAULT.BlockOutboundMailIPv4,DROP,TCP,ANY,ANY,25,true,99fdbd6c-12e6-45df-a0f2-136d568b0079,NA9,DEFAULT_RULE
e3b5c08a-a74e-41c2-b6a8-186cbaa86299,CCDEFAULT.BlockOutboundMailIPv4Secure,DROP,TCP,ANY,ANY,587,true,93a50f5a-1c10-4dda-b98f-3c67ec4d2290,NA9,DEFAULT_RULE
e3b5c08a-a74e-41c2-b6a8-186cbaa86299,CCDEFAULT.BlockOutboundMailIPv6,DROP,TCP,ANY,ANY,25,true,26de994b-da67-4837-88e2-a737ad3e6e89,NA9,DEFAULT_RULE
e3b5c08a-a74e-41c2-b6a8-186cbaa86299,CCDEFAULT.BlockOutboundMailIPv6Secure,DROP,TCP,ANY,ANY,587,true,4328bfcd-7950-4d98-9e00-e1308772b756,NA9,DEFAULT_RULE
e3b5c08a-a74e-41c2-b6a8-186cbaa86299,CCDEFAULT.DenyExternalInboundIPv6,DROP,IP,EXTERNAL_IPV6,ANY,NULL,true,dd6b9894-6480-4df7-a5e8-baa9d7a87a3b,NA9,DEFAULT_RULE
2be9104d-ce19-4634-bd11-d6173eaae18f,CCDEFAULT.BlockOutboundMailIPv4,DROP,TCP,ANY,ANY,25,true,a8cb4a84-120a-46e6-87f6-d49f267867a1,NA9,DEFAULT_RULE
2be9104d-ce19-4634-bd11-d6173eaae18f,CCDEFAULT.BlockOutboundMailIPv4Secure,DROP,TCP,ANY,ANY,587,true,4d3931fe-ffac-42b6-9b02-2e354de170c6,NA9,DEFAULT_RULE
2be9104d-ce19-4634-bd11-d6173eaae18f,CCDEFAULT.BlockOutboundMailIPv6,DROP,TCP,ANY,ANY,25,true,497c0b0e-e60f-458e-9475-fac39ee8f4aa,NA9,DEFAULT_RULE
2be9104d-ce19-4634-bd11-d6173eaae18f,CCDEFAULT.BlockOutboundMailIPv6Secure,DROP,TCP,ANY,ANY,587,true,d997d77e-d107-4cde-be0f-2ef271ec70fc,NA9,DEFAULT_RULE
2be9104d-ce19-4634-bd11-d6173eaae18f,CCDEFAULT.DenyExternalInboundIPv6,DROP,IP,EXTERNAL_IPV6,ANY,NULL,true,62bb32c2-393e-4777-b286-07b27c51768d,NA9,DEFAULT_RULE
3ebc07de-4bac-4ccd-990e-275a32c9b4fd,CCDEFAULT.BlockOutboundMailIPv4,DROP,TCP,ANY,ANY,25,true,86cff1fc-5114-4d1f-b3d3-7033a4ecbbae,NA9,DEFAULT_RULE
3ebc07de-4bac-4ccd-990e-275a32c9b4fd,CCDEFAULT.BlockOutboundMailIPv4Secure,DROP,TCP,ANY,ANY,587,true,13d97335-a7d2-496e-9da8-fba34ab71c2d,NA9,DEFAULT_RULE
3ebc07de-4bac-4ccd-990e-275a32c9b4fd,CCDEFAULT.BlockOutboundMailIPv6,DROP,TCP,ANY,ANY,25,true,5b7dad04-5181-4798-b0ca-29ee404b6103,NA9,DEFAULT_RULE
3ebc07de-4bac-4ccd-990e-275a32c9b4fd,CCDEFAULT.BlockOutboundMailIPv6Secure,DROP,TCP,ANY,ANY,587,true,d48dafde-bde4-4a64-889c-3217bfa1df84,NA9,DEFAULT_RULE
3ebc07de-4bac-4ccd-990e-275a32c9b4fd,CCDEFAULT.DenyExternalInboundIPv6,DROP,IP,EXTERNAL_IPV6,ANY,NULL,true,44e540ff-6ba2-4d9b-b320-2c9c48409654,NA9,DEFAULT_RULE
3ebc07de-4bac-4ccd-990e-275a32c9b4fd,helloworld,ACCEPT_DECISIVELY,TCP,ANY,ANY,80,true,92187d0d-2d67-4f63-b605-239b1b54b46f,NA9,CLIENT_RULE
3ebc07de-4bac-4ccd-990e-275a32c9b4fd,ALLOWPING,ACCEPT_DECISIVELY,ICMP,ANY,ANY,NULL,true,112fd88f-ea25-4f44-b048-7f87633f4745,NA9,CLIENT_RULE
e7630d6b-4de4-4f9a-aaba-7f057f2aeb20,CCDEFAULT.BlockOutboundMailIPv4,DROP,TCP,ANY,ANY,25,true,1e5ae5e4-c40e-4c97-b967-1460e938349b,NA9,DEFAULT_RULE
e7630d6b-4de4-4f9a-aaba-7f057f2aeb20,CCDEFAULT.BlockOutboundMailIPv4Secure,DROP,TCP,ANY,ANY,587,true,51cadbb1-90f0-4b86-b2f8-712d24cf4d0d,NA9,DEFAULT_RULE
e7630d6b-4de4-4f9a-aaba-7f057f2aeb20,CCDEFAULT.BlockOutboundMailIPv6,DROP,TCP,ANY,ANY,25,true,197cbf3b-fef3-4cb6-88ab-298f8e386243,NA9,DEFAULT_RULE
e7630d6b-4de4-4f9a-aaba-7f057f2aeb20,CCDEFAULT.BlockOutboundMailIPv6Secure,DROP,TCP,ANY,ANY,587,true,98da8919-2996-487d-8131-a384b9b50bc5,NA9,DEFAULT_RULE
e7630d6b-4de4-4f9a-aaba-7f057f2aeb20,CCDEFAULT.DenyExternalInboundIPv6,DROP,IP,EXTERNAL_IPV6,ANY,NULL,true,5d2b776a-6f35-4090-b3e9-7858ddef8cab,NA9,DEFAULT_RULE
e7630d6b-4de4-4f9a-aaba-7f057f2aeb20,ping_test,ACCEPT_DECISIVELY,ICMP,ANY,168.128.4.116,NULL,false,477249fb-caf0-4a22-a5e4-884f2204f75e,NA9,CLIENT_RULE
e7630d6b-4de4-4f9a-aaba-7f057f2aeb20,Remote_Desktop,ACCEPT_DECISIVELY,TCP,ANY,168.128.4.116,3389,true,e287e6d5-8d9c-411b-a605-522b497973c7,NA9,CLIENT_RULE
b6c2afb2-07a9-4d9e-a118-b0c949a1e8f5,CCDEFAULT.BlockOutboundMailIPv4,DROP,TCP,ANY,ANY,25,false,0f7df931-2c19-4630-b010-9f2b12f75e18,NA9,DEFAULT_RULE
b6c2afb2-07a9-4d9e-a118-b0c949a1e8f5,CCDEFAULT.BlockOutboundMailIPv4Secure,DROP,TCP,ANY,ANY,587,false,b07d8dbb-e986-4d74-a402-432e177c953f,NA9,DEFAULT_RULE
b6c2afb2-07a9-4d9e-a118-b0c949a1e8f5,CCDEFAULT.BlockOutboundMailIPv6,DROP,TCP,ANY,ANY,25,false,2049e5b8-173c-4663-92de-ceffba0fa984,NA9,DEFAULT_RULE
b6c2afb2-07a9-4d9e-a118-b0c949a1e8f5,CCDEFAULT.BlockOutboundMailIPv6Secure,DROP,TCP,ANY,ANY,587,false,6d4e9929-5e76-42d7-a678-cf3ad872138a,NA9,DEFAULT_RULE
b6c2afb2-07a9-4d9e-a118-b0c949a1e8f5,CCDEFAULT.DenyExternalInboundIPv6,DROP,IP,EXTERNAL_IPV6,ANY,NULL,false,6d7a1565-e203-42ff-8940-f63c240b4009,NA9,DEFAULT_RULE
53206c98-dd27-4f86-8b3d-34b8679e1e09,CCDEFAULT.BlockOutboundMailIPv4,DROP,TCP,ANY,ANY,25,true,2ff9b687-cf3a-4d4e-bbf7-43c27e184a45,NA9,DEFAULT_RULE
53206c98-dd27-4f86-8b3d-34b8679e1e09,CCDEFAULT.BlockOutboundMailIPv4Secure,DROP,TCP,ANY,ANY,587,true,2fbb6e0d-0851-4734-b1d6-eb1a6e107022,NA9,DEFAULT_RULE
53206c98-dd27-4f86-8b3d-34b8679e1e09,CCDEFAULT.BlockOutboundMailIPv6,DROP,TCP,ANY,ANY,25,true,45bc8b9e-a3e0-4dde-8184-df32635464e0,NA9,DEFAULT_RULE
53206c98-dd27-4f86-8b3d-34b8679e1e09,CCDEFAULT.BlockOutboundMailIPv6Secure,DROP,TCP,ANY,ANY,587,true,e4856da5-f716-45a0-bc46-393ee9fb6986,NA9,DEFAULT_RULE
53206c98-dd27-4f86-8b3d-34b8679e1e09,CCDEFAULT.DenyExternalInboundIPv6,DROP,IP,EXTERNAL_IPV6,ANY,NULL,true,7f5b87a3-e4e0-4454-b011-863ee23877fd,NA9,DEFAULT_RULE
006ea1be-6746-4e3f-abae-5270594e6bf3,CCDEFAULT.BlockOutboundMailIPv4,DROP,TCP,ANY,ANY,25,true,1b916067-7bc3-4cfc-8125-d8456019d347,NA9,DEFAULT_RULE
006ea1be-6746-4e3f-abae-5270594e6bf3,CCDEFAULT.BlockOutboundMailIPv4Secure,DROP,TCP,ANY,ANY,587,true,5b245a4f-6409-455b-baf1-fd5ab1c8fae1,NA9,DEFAULT_RULE
006ea1be-6746-4e3f-abae-5270594e6bf3,CCDEFAULT.BlockOutboundMailIPv6,DROP,TCP,ANY,ANY,25,true,99195d80-245b-4a0c-a66d-01f9e52be98f,NA9,DEFAULT_RULE
006ea1be-6746-4e3f-abae-5270594e6bf3,CCDEFAULT.BlockOutboundMailIPv6Secure,DROP,TCP,ANY,ANY,587,true,58837df7-adc3-47ab-bb05-f79e7bc2c6b0,NA9,DEFAULT_RULE
006ea1be-6746-4e3f-abae-5270594e6bf3,CCDEFAULT.DenyExternalInboundIPv6,DROP,IP,EXTERNAL_IPV6,ANY,NULL,true,fa0db2a5-6c7b-4174-86c8-eb68dd6d9efc,NA9,DEFAULT_RULE
006ea1be-6746-4e3f-abae-5270594e6bf3,RJRDP,ACCEPT_DECISIVELY,TCP,73.132.109.209,168.128.4.196,3389,true,e19cec39-65c4-4ded-af83-0faef67e222b,NA9,CLIENT_RULE
006ea1be-6746-4e3f-abae-5270594e6bf3,RJICMP,ACCEPT_DECISIVELY,ICMP,ANY,168.128.4.196,NULL,true,40fb260d-d6d7-447c-b32c-f4140d581044,NA9,CLIENT_RULE
006ea1be-6746-4e3f-abae-5270594e6bf3,RJLBDemo_HTTP,DROP,TCP,ANY,ANY,80,true,297e5c07-16a1-436a-97d9-5fa1d3061dca,NA9,CLIENT_RULE
8b914f97-80db-4e57-83bf-ff593a41d233,CCDEFAULT.BlockOutboundMailIPv4,DROP,TCP,ANY,ANY,25,true,90bee944-07c4-4505-82d8-b44357ff49d9,NA12,DEFAULT_RULE
8b914f97-80db-4e57-83bf-ff593a41d233,CCDEFAULT.BlockOutboundMailIPv4Secure,DROP,TCP,ANY,ANY,587,true,e300329e-5b62-4a6b-b528-6e18ad467577,NA12,DEFAULT_RULE
8b914f97-80db-4e57-83bf-ff593a41d233,CCDEFAULT.BlockOutboundMailIPv6,DROP,TCP,ANY,ANY,25,true,935cb407-bbfb-4f3d-b4c2-9d223c2c9c58,NA12,DEFAULT_RULE
8b914f97-80db-4e57-83bf-ff593a41d233,CCDEFAULT.BlockOutboundMailIPv6Secure,DROP,TCP,ANY,ANY,587,true,4d6d16d2-4896-49f9-b162-6f9d332f1160,NA12,DEFAULT_RULE
8b914f97-80db-4e57-83bf-ff593a41d233,CCDEFAULT.DenyExternalInboundIPv6,DROP,IP,EXTERNAL_IPV6,ANY,NULL,true,e065eca4-3fce-4201-8fa5-1117fdfcd8f9,NA12,DEFAULT_RULE
8b914f97-80db-4e57-83bf-ff593a41d233,HTTP,ACCEPT_DECISIVELY,TCP,ANY,10.1.1.11,80,true,cbacda5b-a119-49b0-9922-c3500eac56d4,NA12,CLIENT_RULE
8b914f97-80db-4e57-83bf-ff593a41d233,DoubleTake,ACCEPT_DECISIVELY,IP,10.0.0.0,10.0.0.0,NULL,true,5d09bc92-fa8d-4877-9253-e0698661a87f,NA12,CLIENT_RULE
a48fd2f8-bb3c-4200-85ba-20d19421f199,CCDEFAULT.BlockOutboundMailIPv4,DROP,TCP,ANY,ANY,25,true,bc940752-c06f-438d-ab07-6b59a7d6b6cd,NA9,DEFAULT_RULE
a48fd2f8-bb3c-4200-85ba-20d19421f199,CCDEFAULT.BlockOutboundMailIPv4Secure,DROP,TCP,ANY,ANY,587,true,9f73fe2c-6abd-43a8-891c-83a8bbe9bf15,NA9,DEFAULT_RULE
a48fd2f8-bb3c-4200-85ba-20d19421f199,CCDEFAULT.BlockOutboundMailIPv6,DROP,TCP,ANY,ANY,25,true,4420655f-65dd-4164-a13c-fa63f455fbf3,NA9,DEFAULT_RULE
a48fd2f8-bb3c-4200-85ba-20d19421f199,CCDEFAULT.BlockOutboundMailIPv6Secure,DROP,TCP,ANY,ANY,587,true,52aa9657-8581-445e-9abf-2e24250f09c3,NA9,DEFAULT_RULE
a48fd2f8-bb3c-4200-85ba-20d19421f199,CCDEFAULT.DenyExternalInboundIPv6,DROP,IP,EXTERNAL_IPV6,ANY,NULL,true,8fe0f338-4f50-4fc7-916c-ccc4493985fa,NA9,DEFAULT_RULE
a48fd2f8-bb3c-4200-85ba-20d19421f199,intervlan1,ACCEPT_DECISIVELY,IP,ANY,ANY,NULL,true,2447c2b5-3a2c-45b8-a67a-e8f04b44d461,NA9,CLIENT_RULE
cadad1eb-a30e-41f0-9623-b8d056b39be2,CCDEFAULT.BlockOutboundMailIPv4,DROP,TCP,ANY,ANY,25,true,947550b7-a025-44b8-a724-28ca814c2235,NA9,DEFAULT_RULE
cadad1eb-a30e-41f0-9623-b8d056b39be2,CCDEFAULT.BlockOutboundMailIPv4Secure,DROP,TCP,ANY,ANY,587,true,8b85d8f6-c03f-4ec2-aed7-8496491b0c06,NA9,DEFAULT_RULE
cadad1eb-a30e-41f0-9623-b8d056b39be2,CCDEFAULT.BlockOutboundMailIPv6,DROP,TCP,ANY,ANY,25,true,0fc49616-9f8b-46bb-9dd1-e014d8188cb1,NA9,DEFAULT_RULE
cadad1eb-a30e-41f0-9623-b8d056b39be2,CCDEFAULT.BlockOutboundMailIPv6Secure,DROP,TCP,ANY,ANY,587,true,68634d11-9287-4063-89ae-3d12f41794e5,NA9,DEFAULT_RULE
cadad1eb-a30e-41f0-9623-b8d056b39be2,CCDEFAULT.DenyExternalInboundIPv6,DROP,IP,EXTERNAL_IPV6,ANY,NULL,true,c57e44f3-d0ea-4917-a316-5e323380943b,NA9,DEFAULT_RULE
39bc2031-f67a-4800-841d-ff7c6f26237f,CCDEFAULT.BlockOutboundMailIPv4,DROP,TCP,ANY,ANY,25,true,0ae81b16-3f6b-462c-a12c-bd687aac7d8b,NA9,DEFAULT_RULE
39bc2031-f67a-4800-841d-ff7c6f26237f,CCDEFAULT.BlockOutboundMailIPv4Secure,DROP,TCP,ANY,ANY,587,true,714301c4-5d9d-4ea6-b632-2d37a9ba241c,NA9,DEFAULT_RULE
39bc2031-f67a-4800-841d-ff7c6f26237f,CCDEFAULT.BlockOutboundMailIPv6,DROP,TCP,ANY,ANY,25,true,e9f780da-b3e6-4a90-bc38-6ae553832c08,NA9,DEFAULT_RULE
39bc2031-f67a-4800-841d-ff7c6f26237f,CCDEFAULT.BlockOutboundMailIPv6Secure,DROP,TCP,ANY,ANY,587,true,f168a4c4-2834-47db-92e0-6cb66c961f80,NA9,DEFAULT_RULE
39bc2031-f67a-4800-841d-ff7c6f26237f,CCDEFAULT.DenyExternalInboundIPv6,DROP,IP,EXTERNAL_IPV6,ANY,NULL,true,2f009b5d-8f2c-41bc-977f-1b37b887598d,NA9,DEFAULT_RULE
4ba393b5-6f43-41df-a461-54b3304ed00f,CCDEFAULT.BlockOutboundMailIPv4,DROP,TCP,ANY,ANY,25,true,4b4c4e7f-a7cb-4e67-928f-26431f6e0396,NA9,DEFAULT_RULE
4ba393b5-6f43-41df-a461-54b3304ed00f,CCDEFAULT.BlockOutboundMailIPv4Secure,DROP,TCP,ANY,ANY,587,true,3768930b-31b8-478c-970d-30a7e428acec,NA9,DEFAULT_RULE
4ba393b5-6f43-41df-a461-54b3304ed00f,CCDEFAULT.BlockOutboundMailIPv6,DROP,TCP,ANY,ANY,25,true,d42df78a-0a4a-4db3-b9a1-15233ccb9ef2,NA9,DEFAULT_RULE
4ba393b5-6f43-41df-a461-54b3304ed00f,CCDEFAULT.BlockOutboundMailIPv6Secure,DROP,TCP,ANY,ANY,587,true,ec2effe6-0910-47cc-9ab3-aebce206908c,NA9,DEFAULT_RULE
4ba393b5-6f43-41df-a461-54b3304ed00f,CCDEFAULT.DenyExternalInboundIPv6,DROP,IP,EXTERNAL_IPV6,ANY,NULL,true,b513e542-1bd6-440e-88bb-dbcd8efb4f47,NA9,DEFAULT_RULE
b1e72abb-b57b-496f-afaf-2022d7b151db,CCDEFAULT.BlockOutboundMailIPv4,DROP,TCP,ANY,ANY,25,true,b30feabe-e399-431d-be8c-7830e6045f1a,NA9,DEFAULT_RULE
b1e72abb-b57b-496f-afaf-2022d7b151db,CCDEFAULT.BlockOutboundMailIPv4Secure,DROP,TCP,ANY,ANY,587,true,f931bd42-aa5f-4bfe-a53e-68d86e4c2b17,NA9,DEFAULT_RULE
b1e72abb-b57b-496f-afaf-2022d7b151db,CCDEFAULT.BlockOutboundMailIPv6,DROP,TCP,ANY,ANY,25,true,5ded3ab7-7684-467b-a963-9d728fa2b553,NA9,DEFAULT_RULE
b1e72abb-b57b-496f-afaf-2022d7b151db,CCDEFAULT.BlockOutboundMailIPv6Secure,DROP,TCP,ANY,ANY,587,true,dd5decda-e666-4695-98d8-ce1e9a43ec7d,NA9,DEFAULT_RULE
b1e72abb-b57b-496f-afaf-2022d7b151db,CCDEFAULT.DenyExternalInboundIPv6,DROP,IP,EXTERNAL_IPV6,ANY,NULL,true,b68485b7-c2f9-400b-9d10-ee270ab31699,NA9,DEFAULT_RULE
cac425da-a92e-4f1b-81b9-d250b617717c,CCDEFAULT.BlockOutboundMailIPv4,DROP,TCP,ANY,ANY,25,true,321a7c9d-b3b3-403e-931e-4cd178c352d0,NA9,DEFAULT_RULE
cac425da-a92e-4f1b-81b9-d250b617717c,CCDEFAULT.BlockOutboundMailIPv4Secure,DROP,TCP,ANY,ANY,587,true,ccd6cfac-cc9e-4985-b36b-7dba2ca29c45,NA9,DEFAULT_RULE
cac425da-a92e-4f1b-81b9-d250b617717c,CCDEFAULT.BlockOutboundMailIPv6,DROP,TCP,ANY,ANY,25,true,bacd91d0-c41e-4274-b30b-c6f87a913686,NA9,DEFAULT_RULE
cac425da-a92e-4f1b-81b9-d250b617717c,CCDEFAULT.BlockOutboundMailIPv6Secure,DROP,TCP,ANY,ANY,587,false,dcc44f5e-61e2-450d-8832-b1188030b646,NA9,DEFAULT_RULE
cac425da-a92e-4f1b-81b9-d250b617717c,CCDEFAULT.DenyExternalInboundIPv6,DROP,IP,EXTERNAL_IPV6,ANY,NULL,false,da303dad-f148-49cd-8ca2-6a2099d61894,NA9,DEFAULT_RULE
cac425da-a92e-4f1b-81b9-d250b617717c,SSH,ACCEPT_DECISIVELY,TCP,ANY,ANY,22,true,f149cfbf-a585-40fe-acbf-917243dcb12c,NA9,CLIENT_RULE
5a16cfe3-d01e-455b-8a5e-b6eeb52ef9ee,CCDEFAULT.BlockOutboundMailIPv4,DROP,TCP,ANY,ANY,25,true,455f0739-0ee2-467b-af39-c38b41fe1a4b,NA9,DEFAULT_RULE
5a16cfe3-d01e-455b-8a5e-b6eeb52ef9ee,CCDEFAULT.BlockOutboundMailIPv4Secure,DROP,TCP,ANY,ANY,587,true,8c054184-98be-4e1b-8a93-ba1db4786535,NA9,DEFAULT_RULE
5a16cfe3-d01e-455b-8a5e-b6eeb52ef9ee,CCDEFAULT.BlockOutboundMailIPv6,DROP,TCP,ANY,ANY,25,true,0ec20021-50ef-406e-9b01-e45b6d15b842,NA9,DEFAULT_RULE
5a16cfe3-d01e-455b-8a5e-b6eeb52ef9ee,CCDEFAULT.BlockOutboundMailIPv6Secure,DROP,TCP,ANY,ANY,587,true,f86e5a21-4c31-433f-985e-0300879e5739,NA9,DEFAULT_RULE
5a16cfe3-d01e-455b-8a5e-b6eeb52ef9ee,CCDEFAULT.DenyExternalInboundIPv6,DROP,IP,EXTERNAL_IPV6,ANY,NULL,true,0c286b93-9660-4468-b4b1-1b374cbe73ef,NA9,DEFAULT_RULE
5a16cfe3-d01e-455b-8a5e-b6eeb52ef9ee,ICMP,ACCEPT_DECISIVELY,ICMP,ANY,192.168.0.0,NULL,true,645cc88e-9a6e-496b-afc1-f817b3aeca17,NA9,CLIENT_RULE
88b0a9eb-5e5e-4e89-924a-178357a32c56,CCDEFAULT.BlockOutboundMailIPv4,DROP,TCP,ANY,ANY,25,true,d2a3df3f-0a29-4f77-ba7c-c80efc471482,NA9,DEFAULT_RULE
88b0a9eb-5e5e-4e89-924a-178357a32c56,CCDEFAULT.BlockOutboundMailIPv4Secure,DROP,TCP,ANY,ANY,587,true,249a7254-a830-488d-bf05-7212cd0e582d,NA9,DEFAULT_RULE
88b0a9eb-5e5e-4e89-924a-178357a32c56,CCDEFAULT.BlockOutboundMailIPv6,DROP,TCP,ANY,ANY,25,true,3ab69f35-7e84-4993-880e-2a0c214dfd05,NA9,DEFAULT_RULE
88b0a9eb-5e5e-4e89-924a-178357a32c56,CCDEFAULT.BlockOutboundMailIPv6Secure,DROP,TCP,ANY,ANY,587,true,ac8ab6bb-f88b-4fc0-a2fe-13e92ed6ec33,NA9,DEFAULT_RULE
88b0a9eb-5e5e-4e89-924a-178357a32c56,CCDEFAULT.DenyExternalInboundIPv6,DROP,IP,EXTERNAL_IPV6,ANY,NULL,true,a7eece52-06f7-49a6-8646-69f660f113f5,NA9,DEFAULT_RULE
88b0a9eb-5e5e-4e89-924a-178357a32c56,Enableping,ACCEPT_DECISIVELY,ICMP,ANY,ANY,NULL,true,4d68a613-d73c-4fe9-a068-d8088abc93e8,NA9,CLIENT_RULE
12d0ad18-1596-4e36-8dda-75735aef4f33,CCDEFAULT.BlockOutboundMailIPv4,DROP,TCP,ANY,ANY,25,true,3d03267f-da83-4f19-8c21-0f4bd6e5bece,NA12,DEFAULT_RULE
12d0ad18-1596-4e36-8dda-75735aef4f33,CCDEFAULT.BlockOutboundMailIPv4Secure,DROP,TCP,ANY,ANY,587,true,4ad672a0-2c61-46bb-9bfd-a5f7f50f1d83,NA12,DEFAULT_RULE
12d0ad18-1596-4e36-8dda-75735aef4f33,CCDEFAULT.BlockOutboundMailIPv6,DROP,TCP,ANY,ANY,25,true,032f2d83-cd46-4458-90bf-f8d82691b26a,NA12,DEFAULT_RULE
12d0ad18-1596-4e36-8dda-75735aef4f33,CCDEFAULT.BlockOutboundMailIPv6Secure,DROP,TCP,ANY,ANY,587,true,0c13e23b-9344-472d-9367-2c7a1d41bc2e,NA12,DEFAULT_RULE
12d0ad18-1596-4e36-8dda-75735aef4f33,CCDEFAULT.DenyExternalInboundIPv6,DROP,IP,EXTERNAL_IPV6,ANY,NULL,true,7c0111b9-d2b9-4aef-9a6f-ba6a16cfce2c,NA12,DEFAULT_RULE
def84afc-f9c9-49e7-aa9a-1b3d91b4fbdf,CCDEFAULT.BlockOutboundMailIPv4,DROP,TCP,ANY,ANY,25,true,600138e7-ffc6-4c37-a043-6177e92544a2,NA12,DEFAULT_RULE
def84afc-f9c9-49e7-aa9a-1b3d91b4fbdf,CCDEFAULT.BlockOutboundMailIPv4Secure,DROP,TCP,ANY,ANY,587,true,931c8c65-4fbd-4324-b077-7ffae8e75fe3,NA12,DEFAULT_RULE
def84afc-f9c9-49e7-aa9a-1b3d91b4fbdf,CCDEFAULT.BlockOutboundMailIPv6,DROP,TCP,ANY,ANY,25,true,bfc869d5-cc06-4f5e-8324-8ee2f49ec014,NA12,DEFAULT_RULE
def84afc-f9c9-49e7-aa9a-1b3d91b4fbdf,CCDEFAULT.BlockOutboundMailIPv6Secure,DROP,TCP,ANY,ANY,587,true,aad3c778-4f41-4ae4-8e7f-4be222ce13b9,NA12,DEFAULT_RULE
def84afc-f9c9-49e7-aa9a-1b3d91b4fbdf,CCDEFAULT.DenyExternalInboundIPv6,DROP,IP,EXTERNAL_IPV6,ANY,NULL,true,7acc5ab6-0554-46e6-8bcc-cc1e0c969593,NA12,DEFAULT_RULE
2ac1ac19-4e98-4d83-a56b-16e866056f49,CCDEFAULT.BlockOutboundMailIPv4,DROP,TCP,ANY,ANY,25,true,81e80ce7-718c-4557-976e-addce469f9f6,NA12,DEFAULT_RULE
2ac1ac19-4e98-4d83-a56b-16e866056f49,CCDEFAULT.BlockOutboundMailIPv4Secure,DROP,TCP,ANY,ANY,587,true,eb3d280c-9051-462c-9af3-19b415bf7711,NA12,DEFAULT_RULE
2ac1ac19-4e98-4d83-a56b-16e866056f49,CCDEFAULT.BlockOutboundMailIPv6,DROP,TCP,ANY,ANY,25,true,6ada7e93-3764-458b-98aa-15847f054d88,NA12,DEFAULT_RULE
2ac1ac19-4e98-4d83-a56b-16e866056f49,CCDEFAULT.BlockOutboundMailIPv6Secure,DROP,TCP,ANY,ANY,587,true,a9fa0ed9-db10-44c0-80ef-d3320d01a0d4,NA12,DEFAULT_RULE
2ac1ac19-4e98-4d83-a56b-16e866056f49,CCDEFAULT.DenyExternalInboundIPv6,DROP,IP,EXTERNAL_IPV6,ANY,NULL,true,a2e0ef8a-a841-4392-997e-e9ec6a9d5901,NA12,DEFAULT_RULE
38df496a-3494-4b15-a977-c5301a5c57e3,CCDEFAULT.BlockOutboundMailIPv4,DROP,TCP,ANY,ANY,25,true,120b95ca-0351-4f97-9dae-b3c9e5222385,NA9,DEFAULT_RULE
38df496a-3494-4b15-a977-c5301a5c57e3,CCDEFAULT.BlockOutboundMailIPv4Secure,DROP,TCP,ANY,ANY,587,true,66d4d02e-eac0-42ff-9510-a9756beb0b6d,NA9,DEFAULT_RULE
38df496a-3494-4b15-a977-c5301a5c57e3,CCDEFAULT.BlockOutboundMailIPv6,DROP,TCP,ANY,ANY,25,true,ca064072-2c01-4ede-a7dc-fe0ff6869fca,NA9,DEFAULT_RULE
38df496a-3494-4b15-a977-c5301a5c57e3,CCDEFAULT.BlockOutboundMailIPv6Secure,DROP,TCP,ANY,ANY,587,true,ec89fe5b-1bfc-42b2-a84c-fe8fca1af87e,NA9,DEFAULT_RULE
38df496a-3494-4b15-a977-c5301a5c57e3,CCDEFAULT.DenyExternalInboundIPv6,DROP,IP,EXTERNAL_IPV6,ANY,NULL,true,3dc243ca-7f85-4378-9c72-3606ad65bc84,NA9,DEFAULT_RULE
c6c2888b-3ad8-4b70-8a90-c9a93237588b,CCDEFAULT.BlockOutboundMailIPv4,DROP,TCP,ANY,ANY,25,true,8c96855e-9c40-4561-b639-be0db66c5439,NA12,DEFAULT_RULE
c6c2888b-3ad8-4b70-8a90-c9a93237588b,CCDEFAULT.BlockOutboundMailIPv4Secure,DROP,TCP,ANY,ANY,587,true,a6f1688f-121f-49a7-a7e0-b0cd193dd2ea,NA12,DEFAULT_RULE
c6c2888b-3ad8-4b70-8a90-c9a93237588b,CCDEFAULT.BlockOutboundMailIPv6,DROP,TCP,ANY,ANY,25,true,c0b79690-9676-4320-a70f-7aeb7dca574e,NA12,DEFAULT_RULE
c6c2888b-3ad8-4b70-8a90-c9a93237588b,CCDEFAULT.BlockOutboundMailIPv6Secure,DROP,TCP,ANY,ANY,587,true,a75c9f1f-d8e9-43b5-902a-1e1476605493,NA12,DEFAULT_RULE
c6c2888b-3ad8-4b70-8a90-c9a93237588b,CCDEFAULT.DenyExternalInboundIPv6,DROP,IP,EXTERNAL_IPV6,ANY,NULL,true,9cd35c45-f220-4e07-9d34-c85d927b9471,NA12,DEFAULT_RULE
6f5ea54b-e198-4d17-984c-df4d5eb66272,CCDEFAULT.BlockOutboundMailIPv4,DROP,TCP,ANY,ANY,25,true,f1395c10-1c39-454d-86a1-f90382988a48,NA9,DEFAULT_RULE
6f5ea54b-e198-4d17-984c-df4d5eb66272,CCDEFAULT.BlockOutboundMailIPv4Secure,DROP,TCP,ANY,ANY,587,true,9046550b-1c27-4fa0-85d6-0e6732cfec4c,NA9,DEFAULT_RULE
6f5ea54b-e198-4d17-984c-df4d5eb66272,CCDEFAULT.BlockOutboundMailIPv6,DROP,TCP,ANY,ANY,25,true,42173c0c-4b53-4095-90a2-4a3e8d821893,NA9,DEFAULT_RULE
6f5ea54b-e198-4d17-984c-df4d5eb66272,CCDEFAULT.BlockOutboundMailIPv6Secure,DROP,TCP,ANY,ANY,587,true,9f375cdb-3fe3-4428-ad20-45c1346e5031,NA9,DEFAULT_RULE
6f5ea54b-e198-4d17-984c-df4d5eb66272,CCDEFAULT.DenyExternalInboundIPv6,DROP,IP,EXTERNAL_IPV6,ANY,NULL,true,fa5ed6f3-396e-41b5-b63d-f91562dcccfb,NA9,DEFAULT_RULE
f4937b8f-6ce9-4138-a270-18e5dd8e3a23,CCDEFAULT.BlockOutboundMailIPv4,DROP,TCP,ANY,ANY,25,true,3a89fb74-a5ff-4c5b-8dc4-f764e57c27a5,NA9,DEFAULT_RULE
f4937b8f-6ce9-4138-a270-18e5dd8e3a23,CCDEFAULT.BlockOutboundMailIPv4Secure,DROP,TCP,ANY,ANY,587,true,2c85d25e-5109-47aa-927a-db6badfcb1d6,NA9,DEFAULT_RULE
f4937b8f-6ce9-4138-a270-18e5dd8e3a23,CCDEFAULT.BlockOutboundMailIPv6,DROP,TCP,ANY,ANY,25,true,c50bd52d-7d05-4dcb-9b13-1bb2bf0e4363,NA9,DEFAULT_RULE
f4937b8f-6ce9-4138-a270-18e5dd8e3a23,CCDEFAULT.BlockOutboundMailIPv6Secure,DROP,TCP,ANY,ANY,587,true,f30c0cd7-16a9-4908-9df6-037ee76c0d95,NA9,DEFAULT_RULE
f4937b8f-6ce9-4138-a270-18e5dd8e3a23,CCDEFAULT.DenyExternalInboundIPv6,DROP,IP,EXTERNAL_IPV6,ANY,NULL,true,c193b142-8f78-495d-b209-e3a10872aacf,NA9,DEFAULT_RULE
ce4473dd-1ae9-4df9-9b2a-5dde55fa4cdf,CCDEFAULT.BlockOutboundMailIPv4,DROP,TCP,ANY,ANY,25,true,89688391-b04e-43d6-a863-80e2ca04f5d8,NA9,DEFAULT_RULE
ce4473dd-1ae9-4df9-9b2a-5dde55fa4cdf,CCDEFAULT.BlockOutboundMailIPv4Secure,DROP,TCP,ANY,ANY,587,true,48f8a32c-bf6e-402a-b049-463e8e3bc281,NA9,DEFAULT_RULE
ce4473dd-1ae9-4df9-9b2a-5dde55fa4cdf,CCDEFAULT.BlockOutboundMailIPv6,DROP,TCP,ANY,ANY,25,true,fdcd2d3c-0ef7-4001-9eb0-b8447c37a20c,NA9,DEFAULT_RULE
ce4473dd-1ae9-4df9-9b2a-5dde55fa4cdf,CCDEFAULT.BlockOutboundMailIPv6Secure,DROP,TCP,ANY,ANY,587,true,647f0a44-5c04-4ae7-ad7b-de11957b4dfd,NA9,DEFAULT_RULE
ce4473dd-1ae9-4df9-9b2a-5dde55fa4cdf,CCDEFAULT.DenyExternalInboundIPv6,DROP,IP,EXTERNAL_IPV6,ANY,NULL,true,204d39d5-9467-4ca8-b08d-aeccc4d4dfb5,NA9,DEFAULT_RULE
dfcdb573-c54f-445d-86cd-43bf913b37d3,CCDEFAULT.BlockOutboundMailIPv4,DROP,TCP,ANY,ANY,25,true,f3b37aad-87ce-4146-ab2b-aa0d7e32752c,NA9,DEFAULT_RULE
dfcdb573-c54f-445d-86cd-43bf913b37d3,CCDEFAULT.BlockOutboundMailIPv4Secure,DROP,TCP,ANY,ANY,587,true,33592b0b-68fa-44dc-8f99-f4b8c197d97c,NA9,DEFAULT_RULE
dfcdb573-c54f-445d-86cd-43bf913b37d3,CCDEFAULT.BlockOutboundMailIPv6,DROP,TCP,ANY,ANY,25,true,7d9a5615-0758-4d90-af1d-1bb355f2b60a,NA9,DEFAULT_RULE
dfcdb573-c54f-445d-86cd-43bf913b37d3,CCDEFAULT.BlockOutboundMailIPv6Secure,DROP,TCP,ANY,ANY,587,true,8f7ec810-db24-4777-ac87-83592b492081,NA9,DEFAULT_RULE
dfcdb573-c54f-445d-86cd-43bf913b37d3,CCDEFAULT.DenyExternalInboundIPv6,DROP,IP,EXTERNAL_IPV6,ANY,NULL,true,3116646a-ce86-4b22-a682-02fd6202781f,NA9,DEFAULT_RULE
dfcdb573-c54f-445d-86cd-43bf913b37d3,HTTP,ACCEPT_DECISIVELY,TCP,ANY,168.128.5.142,80,true,4535ea72-cb62-4ff9-85f4-fbe7ff4fc25b,NA9,CLIENT_RULE
b0bebfcb-3d8d-4d39-99bd-71bed8ea026d,CCDEFAULT.BlockOutboundMailIPv4,DROP,TCP,ANY,ANY,25,true,53272f64-a46f-4093-b9a3-238d68ebe5b6,NA12,DEFAULT_RULE
b0bebfcb-3d8d-4d39-99bd-71bed8ea026d,CCDEFAULT.BlockOutboundMailIPv4Secure,DROP,TCP,ANY,ANY,587,true,9c78cdce-3114-46ce-8c93-29044307a952,NA12,DEFAULT_RULE
b0bebfcb-3d8d-4d39-99bd-71bed8ea026d,CCDEFAULT.BlockOutboundMailIPv6,DROP,TCP,ANY,ANY,25,true,8d4ffce8-0cdd-4dc3-80c9-07a034fb4823,NA12,DEFAULT_RULE
b0bebfcb-3d8d-4d39-99bd-71bed8ea026d,CCDEFAULT.BlockOutboundMailIPv6Secure,DROP,TCP,ANY,ANY,587,true,ece56ce5-858d-4c19-a00b-48fc038f6a2f,NA12,DEFAULT_RULE
b0bebfcb-3d8d-4d39-99bd-71bed8ea026d,CCDEFAULT.DenyExternalInboundIPv6,DROP,IP,EXTERNAL_IPV6,ANY,NULL,true,cc92eb98-9d62-4d90-b2c4-d05f681bfc06,NA12,DEFAULT_RULE
b0bebfcb-3d8d-4d39-99bd-71bed8ea026d,SSH,ACCEPT_DECISIVELY,TCP,ANY,ANY,22,true,acc739b8-20a7-4aeb-8d2a-66c17217dff3,NA12,CLIENT_RULE
b0bebfcb-3d8d-4d39-99bd-71bed8ea026d,WebRequests,ACCEPT_DECISIVELY,TCP,ANY,ANY,8080,true,76ff3b38-6d08-451e-9455-608b4d041fd0,NA12,CLIENT_RULE
b0bebfcb-3d8d-4d39-99bd-71bed8ea026d,Puppet,ACCEPT_DECISIVELY,TCP,ANY,ANY,8140,true,971a9a14-d282-44ff-8d7a-39b27e6558fe,NA12,CLIENT_RULE
b0bebfcb-3d8d-4d39-99bd-71bed8ea026d,HTTPS,ACCEPT_DECISIVELY,TCP,ANY,ANY,443,true,36e8f948-df48-42c2-aed3-b49c8cf3dea9,NA12,CLIENT_RULE
b0bebfcb-3d8d-4d39-99bd-71bed8ea026d,PE_ActiveMQ_Broker,ACCEPT_DECISIVELY,TCP,ANY,ANY,61616,true,5ec83975-cdfd-41b7-8eaa-9d39bc9037e2,NA12,CLIENT_RULE
b0bebfcb-3d8d-4d39-99bd-71bed8ea026d,Puppet_Enterprise_Console,ACCEPT_DECISIVELY,TCP,ANY,ANY,3000,true,1c83f760-892b-464c-939c-936305c74b58,NA12,CLIENT_RULE
b0bebfcb-3d8d-4d39-99bd-71bed8ea026d,PuppetDB,ACCEPT_DECISIVELY,TCP,ANY,ANY,8081,true,d3049b57-3676-4e35-b5d2-516b8f917f7e,NA12,CLIENT_RULE
b0bebfcb-3d8d-4d39-99bd-71bed8ea026d,Database,ACCEPT_DECISIVELY,TCP,ANY,ANY,5432,true,757d1721-edde-41a4-b617-2f633042712a,NA12,CLIENT_RULE
b0bebfcb-3d8d-4d39-99bd-71bed8ea026d,RDP,ACCEPT_DECISIVELY,TCP,ANY,ANY,3389,true,9f573415-bf81-4e3e-b0e7-9ad561b7b430,NA12,CLIENT_RULE
b0bebfcb-3d8d-4d39-99bd-71bed8ea026d,ClouderaManager,ACCEPT_DECISIVELY,TCP,ANY,168.128.28.14,NULL,true,258f614e-3288-4028-afa3-6c83f8cedd5e,NA12,CLIENT_RULE
b0bebfcb-3d8d-4d39-99bd-71bed8ea026d,ClouderaManagerInternal,ACCEPT_DECISIVELY,TCP,ANY,10.0.0.8,NULL,true,c6cac076-4bdc-460a-91cb-a15b80395e04,NA12,CLIENT_RULE
b0bebfcb-3d8d-4d39-99bd-71bed8ea026d,ClouderaNode1,ACCEPT_DECISIVELY,TCP,ANY,10.0.0.15,NULL,true,9c815925-30bf-4461-ad50-d31048f1c0fd,NA12,CLIENT_RULE
b0bebfcb-3d8d-4d39-99bd-71bed8ea026d,ClouderaNode2,ACCEPT_DECISIVELY,TCP,ANY,10.0.0.16,NULL,true,c93528ed-b0a1-4f0a-98db-5828b65e07b9,NA12,CLIENT_RULE
b0bebfcb-3d8d-4d39-99bd-71bed8ea026d,ClouderaNode3,ACCEPT_DECISIVELY,TCP,ANY,10.0.0.14,NULL,true,3b1a8abe-9ffc-49e5-8067-347b17bed8c2,NA12,CLIENT_RULE
b0bebfcb-3d8d-4d39-99bd-71bed8ea026d,Solr,ACCEPT_DECISIVELY,TCP,ANY,168.128.28.168,8000,true,f4e14a2a-e408-4887-a964-9a8f28e29c29,NA12,CLIENT_RULE
b0bebfcb-3d8d-4d39-99bd-71bed8ea026d,Git,ACCEPT_DECISIVELY,TCP,ANY,168.128.28.158,NULL,true,d646ba37-cf16-448f-893c-68d660484189,NA12,CLIENT_RULE
b0bebfcb-3d8d-4d39-99bd-71bed8ea026d,Zoomdata,ACCEPT_DECISIVELY,TCP,ANY,ANY,443,true,50277170-4462-4f98-a000-e44945067a48,NA12,CLIENT_RULE
b0bebfcb-3d8d-4d39-99bd-71bed8ea026d,HTTP,ACCEPT_DECISIVELY,TCP,ANY,ANY,80,true,a8a24cc7-ebcc-4a24-994b-99e2358fe304,NA12,CLIENT_RULE
b0bebfcb-3d8d-4d39-99bd-71bed8ea026d,Stackstorm_9100,ACCEPT_DECISIVELY,TCP,ANY,ANY,9100,true,5d269bd8-ed53-49d9-ac7f-5924ab438147,NA12,CLIENT_RULE
b0bebfcb-3d8d-4d39-99bd-71bed8ea026d,StackStormAPI_9101,ACCEPT_DECISIVELY,TCP,ANY,ANY,9101,true,d755d13a-6d6d-4632-8e36-837b9bd3dd7d,NA12,CLIENT_RULE
c5e83e01-d7e3-4357-8725-1f7183f0ae70,CCDEFAULT.BlockOutboundMailIPv4,DROP,TCP,ANY,ANY,25,true,7de1a004-3177-4e86-b3b3-b3c50619310b,NA12,DEFAULT_RULE
c5e83e01-d7e3-4357-8725-1f7183f0ae70,CCDEFAULT.BlockOutboundMailIPv4Secure,DROP,TCP,ANY,ANY,587,true,292938cc-5662-40b7-a195-2d927f38d28a,NA12,DEFAULT_RULE
c5e83e01-d7e3-4357-8725-1f7183f0ae70,CCDEFAULT.BlockOutboundMailIPv6,DROP,TCP,ANY,ANY,25,true,5d971a16-542c-47b0-bc85-08b093f1668b,NA12,DEFAULT_RULE
c5e83e01-d7e3-4357-8725-1f7183f0ae70,CCDEFAULT.BlockOutboundMailIPv6Secure,DROP,TCP,ANY,ANY,587,true,ea53b295-35e2-4b31-9da4-ec52e3f003bd,NA12,DEFAULT_RULE
c5e83e01-d7e3-4357-8725-1f7183f0ae70,CCDEFAULT.DenyExternalInboundIPv6,DROP,IP,EXTERNAL_IPV6,ANY,NULL,true,b54d973d-c747-4e6d-8211-265a4714bbc4,NA12,DEFAULT_RULE
c5e83e01-d7e3-4357-8725-1f7183f0ae70,SSH,ACCEPT_DECISIVELY,TCP,ANY,ANY,22,true,93fed587-93cf-4533-bbfb-77f6d4284f7e,NA12,CLIENT_RULE
c5e83e01-d7e3-4357-8725-1f7183f0ae70,AMQP,ACCEPT_DECISIVELY,TCP,ANY,ANY,4506,true,fd1cf33a-b493-46ec-b4a2-1eaeca75c755,NA12,CLIENT_RULE
c5e83e01-d7e3-4357-8725-1f7183f0ae70,AMQP2,ACCEPT_DECISIVELY,TCP,ANY,ANY,4505,true,f2aa95d6-f0aa-4f3b-ab16-5b63a49fcb11,NA12,CLIENT_RULE
c5e83e01-d7e3-4357-8725-1f7183f0ae70,ICMP,ACCEPT_DECISIVELY,ICMP,ANY,ANY,NULL,true,c9f6e9f8-f88c-4d25-b31f-856a8f96e34c,NA12,CLIENT_RULE
c5e83e01-d7e3-4357-8725-1f7183f0ae70,HTTP,ACCEPT_DECISIVELY,TCP,ANY,ANY,80,true,b72d85bb-06b1-4779-b17a-b661a4fe4bb9,NA12,CLIENT_RULE
c5e83e01-d7e3-4357-8725-1f7183f0ae70,HTTP_8080,ACCEPT_DECISIVELY,TCP,ANY,ANY,8080,true,911dd320-a4ad-4d6b-9170-2feeea71f688,NA12,CLIENT_RULE
c5e83e01-d7e3-4357-8725-1f7183f0ae70,HTTP_443,ACCEPT_DECISIVELY,TCP,ANY,ANY,443,true,395e477e-5612-41e2-bc03-02f3a499213c,NA12,CLIENT_RULE
9d778fb4-8a4d-4231-af20-b61ab133fc3e,CCDEFAULT.BlockOutboundMailIPv4,DROP,TCP,ANY,ANY,25,true,1abea037-f75b-4555-a196-9456974e0f6a,NA12,DEFAULT_RULE
9d778fb4-8a4d-4231-af20-b61ab133fc3e,CCDEFAULT.BlockOutboundMailIPv4Secure,DROP,TCP,ANY,ANY,587,true,25a95d66-08df-4cf6-b9ff-4bfb35740a12,NA12,DEFAULT_RULE
9d778fb4-8a4d-4231-af20-b61ab133fc3e,CCDEFAULT.BlockOutboundMailIPv6,DROP,TCP,ANY,ANY,25,true,81f78ff5-db6f-4183-9c8b-b66eb70e4ae8,NA12,DEFAULT_RULE
9d778fb4-8a4d-4231-af20-b61ab133fc3e,CCDEFAULT.BlockOutboundMailIPv6Secure,DROP,TCP,ANY,ANY,587,true,905e067c-7205-40c7-aad6-1485665e4b13,NA12,DEFAULT_RULE
9d778fb4-8a4d-4231-af20-b61ab133fc3e,CCDEFAULT.DenyExternalInboundIPv6,DROP,IP,EXTERNAL_IPV6,ANY,NULL,true,7fe32bd6-3225-4246-9881-73bb8dcf21ba,NA12,DEFAULT_RULE
cecdaa9c-cbd2-4b67-92bc-fe7315df624c,CCDEFAULT.BlockOutboundMailIPv4,DROP,TCP,ANY,ANY,25,true,8563eb40-3fb2-46a4-bd2e-084d60d4e563,NA12,DEFAULT_RULE
cecdaa9c-cbd2-4b67-92bc-fe7315df624c,CCDEFAULT.BlockOutboundMailIPv4Secure,DROP,TCP,ANY,ANY,587,true,e250c645-448a-480b-ab23-36632096dcb2,NA12,DEFAULT_RULE
cecdaa9c-cbd2-4b67-92bc-fe7315df624c,CCDEFAULT.BlockOutboundMailIPv6,DROP,TCP,ANY,ANY,25,true,c0e4af55-2795-4240-8e47-dc1cccaeb94d,NA12,DEFAULT_RULE
cecdaa9c-cbd2-4b67-92bc-fe7315df624c,CCDEFAULT.BlockOutboundMailIPv6Secure,DROP,TCP,ANY,ANY,587,true,da237914-365d-4251-af94-8cd62d753415,NA12,DEFAULT_RULE
cecdaa9c-cbd2-4b67-92bc-fe7315df624c,CCDEFAULT.DenyExternalInboundIPv6,DROP,IP,EXTERNAL_IPV6,ANY,NULL,true,a16c1f16-874f-4c40-8590-5de314090a69,NA12,DEFAULT_RULE
10ab4770-abcb-4052-8940-1b1ca5941f38,CCDEFAULT.BlockOutboundMailIPv4,DROP,TCP,ANY,ANY,25,true,2ebe4ec9-0cd9-45ab-889f-c7758eb49e8a,NA9,DEFAULT_RULE
10ab4770-abcb-4052-8940-1b1ca5941f38,CCDEFAULT.BlockOutboundMailIPv4Secure,DROP,TCP,ANY,ANY,587,true,e09d56f9-6ee7-4e70-820f-9d544bbfa330,NA9,DEFAULT_RULE
10ab4770-abcb-4052-8940-1b1ca5941f38,CCDEFAULT.BlockOutboundMailIPv6,DROP,TCP,ANY,ANY,25,true,e6698c7f-8a02-4fc0-9433-00152f26f0b8,NA9,DEFAULT_RULE
10ab4770-abcb-4052-8940-1b1ca5941f38,CCDEFAULT.BlockOutboundMailIPv6Secure,DROP,TCP,ANY,ANY,587,true,6f49b7a5-a3b7-423b-8abb-ffe87fe00a42,NA9,DEFAULT_RULE
10ab4770-abcb-4052-8940-1b1ca5941f38,CCDEFAULT.DenyExternalInboundIPv6,DROP,IP,EXTERNAL_IPV6,ANY,NULL,true,e6f198a5-19be-4535-8baa-81fbec31d1fb,NA9,DEFAULT_RULE
f477c88b-412b-489c-b6a0-3bf64a4438c9,CCDEFAULT.BlockOutboundMailIPv4,DROP,TCP,ANY,ANY,25,true,8dae042f-79cc-4d08-9b2c-e51f9fe08835,NA12,DEFAULT_RULE
f477c88b-412b-489c-b6a0-3bf64a4438c9,CCDEFAULT.BlockOutboundMailIPv4Secure,DROP,TCP,ANY,ANY,587,true,d81e70a7-9d1a-4fe2-bebf-3067a621bd3b,NA12,DEFAULT_RULE
f477c88b-412b-489c-b6a0-3bf64a4438c9,CCDEFAULT.BlockOutboundMailIPv6,DROP,TCP,ANY,ANY,25,true,0f3a0480-8f53-45ac-b7e3-5fae520126b4,NA12,DEFAULT_RULE
f477c88b-412b-489c-b6a0-3bf64a4438c9,CCDEFAULT.BlockOutboundMailIPv6Secure,DROP,TCP,ANY,ANY,587,true,049de6f8-197a-4b10-bc93-c198f03b8ebf,NA12,DEFAULT_RULE
f477c88b-412b-489c-b6a0-3bf64a4438c9,CCDEFAULT.DenyExternalInboundIPv6,DROP,IP,EXTERNAL_IPV6,ANY,NULL,true,5a8097d9-0726-4583-8b3c-c991b6a2f40c,NA12,DEFAULT_RULE
f477c88b-412b-489c-b6a0-3bf64a4438c9,web,ACCEPT_DECISIVELY,TCP,ANY,ANY,80,true,2f1500f2-bc52-44d6-8787-bc1564e0a224,NA12,CLIENT_RULE
bf35862b-83f7-4a72-be73-e8b315c1d25d,CCDEFAULT.BlockOutboundMailIPv4,DROP,TCP,ANY,ANY,25,true,a9598c30-25db-4a74-828e-08b6997e9101,NA9,DEFAULT_RULE
bf35862b-83f7-4a72-be73-e8b315c1d25d,CCDEFAULT.BlockOutboundMailIPv4Secure,DROP,TCP,ANY,ANY,587,true,d2634ab2-ea85-42cb-9480-4bea391e635a,NA9,DEFAULT_RULE
bf35862b-83f7-4a72-be73-e8b315c1d25d,CCDEFAULT.BlockOutboundMailIPv6,DROP,TCP,ANY,ANY,25,true,5ed68ca2-8a00-42fc-8961-b8d3bd3b6614,NA9,DEFAULT_RULE
bf35862b-83f7-4a72-be73-e8b315c1d25d,CCDEFAULT.BlockOutboundMailIPv6Secure,DROP,TCP,ANY,ANY,587,true,6d15f5f1-dae2-49de-8c97-835408c23ac1,NA9,DEFAULT_RULE
bf35862b-83f7-4a72-be73-e8b315c1d25d,CCDEFAULT.DenyExternalInboundIPv6,DROP,IP,EXTERNAL_IPV6,ANY,NULL,true,9fa04482-71a8-4450-8789-7091391c64eb,NA9,DEFAULT_RULE
beaec63d-7ad0-4e48-93d0-cbb4b24e8cd1,CCDEFAULT.BlockOutboundMailIPv4,DROP,TCP,ANY,ANY,25,true,c2845381-7feb-4898-95b8-8492048a6f6e,NA12,DEFAULT_RULE
beaec63d-7ad0-4e48-93d0-cbb4b24e8cd1,CCDEFAULT.BlockOutboundMailIPv4Secure,DROP,TCP,ANY,ANY,587,true,29999ca2-e710-48e3-b08f-7c69a4d433bc,NA12,DEFAULT_RULE
beaec63d-7ad0-4e48-93d0-cbb4b24e8cd1,CCDEFAULT.BlockOutboundMailIPv6,DROP,TCP,ANY,ANY,25,true,d75c8011-95f1-42a2-b351-a26634cbefb7,NA12,DEFAULT_RULE
beaec63d-7ad0-4e48-93d0-cbb4b24e8cd1,CCDEFAULT.BlockOutboundMailIPv6Secure,DROP,TCP,ANY,ANY,587,true,b4e8e940-54ef-4ee7-acfb-4a6a0c9bf26e,NA12,DEFAULT_RULE
beaec63d-7ad0-4e48-93d0-cbb4b24e8cd1,CCDEFAULT.DenyExternalInboundIPv6,DROP,IP,EXTERNAL_IPV6,ANY,NULL,true,901ea6dc-102e-47a0-a176-b6281a563e07,NA12,DEFAULT_RULE
624e1290-f784-4395-91bc-3a00b6e0b357,CCDEFAULT.BlockOutboundMailIPv4,DROP,TCP,ANY,ANY,25,true,0d4be4fa-919a-4494-992d-459a362a8462,NA9,DEFAULT_RULE
624e1290-f784-4395-91bc-3a00b6e0b357,CCDEFAULT.BlockOutboundMailIPv4Secure,DROP,TCP,ANY,ANY,587,true,9a83ca8c-af8b-41f1-a21b-3830a36f6a4e,NA9,DEFAULT_RULE
624e1290-f784-4395-91bc-3a00b6e0b357,CCDEFAULT.BlockOutboundMailIPv6,DROP,TCP,ANY,ANY,25,true,9d80cb0d-159c-4f93-978b-40e93136222c,NA9,DEFAULT_RULE
624e1290-f784-4395-91bc-3a00b6e0b357,CCDEFAULT.BlockOutboundMailIPv6Secure,DROP,TCP,ANY,ANY,587,true,ee5a28a9-37f0-415d-ac66-aa8aaf220f89,NA9,DEFAULT_RULE
624e1290-f784-4395-91bc-3a00b6e0b357,CCDEFAULT.DenyExternalInboundIPv6,DROP,IP,EXTERNAL_IPV6,ANY,NULL,true,5114fbc0-14a5-4e19-83b1-128e17ed64e4,NA9,DEFAULT_RULE